idx,name,pkgman
0,periapsisEngine,Nimble
1,niprefs,Nimble
2,lrparser,Nimble
3,py2nim,Nimble
4,rangequeries,Nimble
5,riff,Nimble
6,nim0,Nimble
7,libsaedea,Nimble
8,gsl,Nimble
9,onnxruntime,Nimble
10,bionim,Nimble
11,jhash,Nimble
12,tmplpro,Nimble
13,azure_translate,Nimble
14,PhylogeNi,Nimble
15,geminim,Nimble
16,arturo,Nimble
17,nimchromepath,Nimble
18,nimbitarray,Nimble
19,torim,Nimble
20,jupyternim,Nimble
21,randgen,Nimble
22,numnim,Nimble
23,filesize,Nimble
24,argon2_bind,Nimble
25,nbaser,Nimble
26,nio,Nimble
27,decisiontree,Nimble
28,tsv2json,Nimble
29,nimler,Nimble
30,zstd,Nimble
31,QuickJS4nim,Nimble
32,BitVector,Nimble
33,RollingHash,Nimble
34,BipBuffer,Nimble
35,whip,Nimble
36,elvis,Nimble
37,nimrun,Nimble
38,sequtils2,Nimble
39,github_api,Nimble
40,extensions,Nimble
41,nimates,Nimble
42,discordnim,Nimble
43,argument_parser,Nimble
44,genieos,Nimble
45,jester,Nimble
46,nanim,Nimble
47,templates,Nimble
48,murmur,Nimble
49,libtcod_nim,Nimble
50,nimgame,Nimble
51,nimgame2,Nimble
52,sfml,Nimble
53,enet,Nimble
54,locale,Nimble
55,fowltek,Nimble
56,nake,Nimble
57,nimrod-glfw,Nimble
58,chipmunk6,Nimble
59,chipmunk7_demos,Nimble
60,glfw,Nimble
61,ao,Nimble
62,termbox,Nimble
63,linagl,Nimble
64,kwin,Nimble
65,opencv,Nimble
66,nimble,Nimble
67,libnx,Nimble
68,switch_build,Nimble
69,aporia,Nimble
70,c2nim,Nimble
71,threading,Nimble
72,pas2nim,Nimble
73,ipsumgenera,Nimble
74,clibpp,Nimble
75,pastebin,Nimble
76,yahooweather,Nimble
77,noaa,Nimble
78,rss,Nimble
79,extmath,Nimble
80,gtk2,Nimble
81,cairo,Nimble
82,x11,Nimble
83,opengl,Nimble
84,lua,Nimble
85,tcl,Nimble
86,glm,Nimble
87,python,Nimble
88,NimBorg,Nimble
89,sha1,Nimble
90,dropbox_filename_sanitizer,Nimble
91,csv,Nimble
92,geonames,Nimble
93,gravatar,Nimble
94,coverartarchive,Nimble
95,ogg,Nimble
96,vorbis,Nimble
97,portaudio,Nimble
98,commandeer,Nimble
99,scrypt.nim,Nimble
100,bloom,Nimble
101,awesome_rmdir,Nimble
102,nimalpm,Nimble
103,png,Nimble
104,sdl2,Nimble
105,gamelib,Nimble
106,nimcr,Nimble
107,gtkgenui,Nimble
108,persvector,Nimble
109,pcap,Nimble
110,drawille,Nimble
111,binaryparse,Nimble
112,libkeepass,Nimble
113,zhsh,Nimble
114,termstyle,Nimble
115,combparser,Nimble
116,protobuf,Nimble
117,strslice,Nimble
118,jsonschema,Nimble
119,nimlangserver,Nimble
120,nimlsp,Nimble
121,optionsutils,Nimble
122,getmac,Nimble
123,macroutils,Nimble
124,ansiparse,Nimble
125,ansitohtml,Nimble
126,xevloop,Nimble
127,nancy,Nimble
128,imlib2,Nimble
129,notificatcher,Nimble
130,notifishower,Nimble
131,wxnim,Nimble
132,futhark,Nimble
133,ratel,Nimble
134,sdl2_nim,Nimble
135,assimp,Nimble
136,freeimage,Nimble
137,bcrypt,Nimble
138,opencl,Nimble
139,DevIL,Nimble
140,signals,Nimble
141,sling,Nimble
142,number_files,Nimble
143,redissessions,Nimble
144,horde3d,Nimble
145,mongo,Nimble
146,allegro5,Nimble
147,physfs,Nimble
148,shoco,Nimble
149,murmur3,Nimble
150,hex,Nimble
151,strfmt,Nimble
152,jade-nim,Nimble
153,gh_nimrod_doc_pages,Nimble
154,midnight_dynamite,Nimble
155,rsvg,Nimble
156,emerald,Nimble
157,niminst,Nimble
158,redis,Nimble
159,dialogs,Nimble
160,vectors,Nimble
161,bitarray,Nimble
162,appdirs,Nimble
163,sndfile,Nimble
164,bigints,Nimble
165,iterutils,Nimble
166,hastyscribe,Nimble
167,hastysite,Nimble
168,nanomsg,Nimble
169,directnimrod,Nimble
170,imghdr,Nimble
171,csv2json,Nimble
172,vecmath,Nimble
173,lazy_rest,Nimble
174,Phosphor,Nimble
175,colorsys,Nimble
176,pythonfile,Nimble
177,sndhdr,Nimble
178,irc,Nimble
179,random,Nimble
180,zmq,Nimble
181,uuid,Nimble
182,robotparser,Nimble
183,epub,Nimble
184,hashids,Nimble
185,openssl_evp,Nimble
186,maybe,Nimble
187,eternity,Nimble
188,gmp,Nimble
189,ludens,Nimble
190,ffbookmarks,Nimble
191,moustachu,Nimble
192,easy_bcrypt,Nimble
193,libclang,Nimble
194,nimqml,Nimble
195,XPLM-Nim,Nimble
196,csfml,Nimble
197,optional_t,Nimble
198,nimrtlsdr,Nimble
199,lapp,Nimble
200,blimp,Nimble
201,parsetoml,Nimble
202,compiler,Nimble
203,nre,Nimble
204,docopt,Nimble
205,bpg,Nimble
206,io-spacenav,Nimble
207,optionals,Nimble
208,tuples,Nimble
209,fuse,Nimble
210,brainfuck,Nimble
211,jwt,Nimble
212,pythonpathlib,Nimble
213,RingBuffer,Nimble
214,nimrat,Nimble
215,io-isense,Nimble
216,io-usb,Nimble
217,nimcfitsio,Nimble
218,glossolalia,Nimble
219,entoody,Nimble
220,msgpack,Nimble
221,osinfo,Nimble
222,io-myo,Nimble
223,io-oculus,Nimble
224,closure_compiler,Nimble
225,io-serialport,Nimble
226,beanstalkd,Nimble
227,wiki2text,Nimble
228,qt5_qtsql,Nimble
229,orient,Nimble
230,syslog,Nimble
231,nimes,Nimble
232,syscall,Nimble
233,jnim,Nimble
234,nimPDF,Nimble
235,LLVM,Nimble
236,nshout,Nimble
237,nsu,Nimble
238,nuuid,Nimble
239,fftw3,Nimble
240,nrpl,Nimble
241,geocoding,Nimble
242,io-gles,Nimble
243,io-egl,Nimble
244,io-sixense,Nimble
245,tnetstring,Nimble
246,msgpack4nim,Nimble
247,binaryheap,Nimble
248,stringinterpolation,Nimble
249,libovr,Nimble
250,delaunay,Nimble
251,linenoise,Nimble
252,struct,Nimble
253,uri2,Nimble
254,hmac,Nimble
255,mongrel2,Nimble
256,shimsham,Nimble
257,base32,Nimble
258,otp,Nimble
259,q,Nimble
260,bignum,Nimble
261,rbtree,Nimble
262,anybar,Nimble
263,astar,Nimble
264,lazy,Nimble
265,asyncpythonfile,Nimble
266,nimfuzz,Nimble
267,linalg,Nimble
268,sequester,Nimble
269,options,Nimble
270,oldwinapi,Nimble
271,nimx,Nimble
272,webview,Nimble
273,memo,Nimble
274,base62,Nimble
275,telebot,Nimble
276,tempfile,Nimble
277,AstroNimy,Nimble
278,patty,Nimble
279,einheit,Nimble
280,plists,Nimble
281,ncurses,Nimble
282,nanovg,Nimble
283,pwd,Nimble
284,spwd,Nimble
285,grp,Nimble
286,stopwatch,Nimble
287,nimFinLib,Nimble
288,libssh2,Nimble
289,rethinkdb,Nimble
290,dbus,Nimble
291,lmdb,Nimble
292,zip,Nimble
293,csvtools,Nimble
294,httpform,Nimble
295,quadtree,Nimble
296,expat,Nimble
297,sphinx,Nimble
298,sdl1,Nimble
299,graphics,Nimble
300,libffi,Nimble
301,libcurl,Nimble
302,perlin,Nimble
303,pfring,Nimble
304,xxtea,Nimble
305,xxhash,Nimble
306,libipset,Nimble
307,pop3,Nimble
308,nimrpc,Nimble
309,nimrpc_milis,Nimble
310,asyncevents,Nimble
311,nimSHA2,Nimble
312,nimAES,Nimble
313,nimeverything,Nimble
314,vidhdr,Nimble
315,gitapi,Nimble
316,ptrace,Nimble
317,ndbex,Nimble
318,spry,Nimble
319,nimBMP,Nimble
320,nimPNG,Nimble
321,litestore,Nimble
322,parseFixed,Nimble
323,playlists,Nimble
324,seqmath,Nimble
325,daemonize,Nimble
326,tnim,Nimble
327,ris,Nimble
328,geoip,Nimble
329,freegeoip,Nimble
330,nimroutine,Nimble
331,coverage,Nimble
332,golib,Nimble
333,libnotify,Nimble
334,nimcat,Nimble
335,sections,Nimble
336,nimfp,Nimble
337,nhsl,Nimble
338,nimstopwatch,Nimble
339,playground,Nimble
340,nimsl,Nimble
341,omnilog,Nimble
342,values,Nimble
343,geohash,Nimble
344,bped,Nimble
345,ctrulib,Nimble
346,nimrdkafka,Nimble
347,utils,Nimble
348,pymod,Nimble
349,db,Nimble
350,nimsnappy,Nimble
351,nimLUA,Nimble
352,sound,Nimble
353,nimi3status,Nimble
354,native_dialogs,Nimble
355,variant,Nimble
356,pythonmath,Nimble
357,nimlz4,Nimble
358,pythonize,Nimble
359,cligen,Nimble
360,fnmatch,Nimble
361,shorturl,Nimble
362,teafiles,Nimble
363,emmy,Nimble
364,impulse_engine,Nimble
365,notifications,Nimble
366,reactor,Nimble
367,asynctools,Nimble
368,nimcrypto,Nimble
369,collections,Nimble
370,capnp,Nimble
371,biscuits,Nimble
372,pari,Nimble
373,spacenav,Nimble
374,isense,Nimble
375,libusb,Nimble
376,myo,Nimble
377,oculus,Nimble
378,serialport,Nimble
379,gles,Nimble
380,egl,Nimble
381,sixense,Nimble
382,listsv,Nimble
383,kissfft,Nimble
384,nimbench,Nimble
385,nest,Nimble
386,nimbluez,Nimble
387,yaml,Nimble
388,jsmn,Nimble
389,mangle,Nimble
390,nimshell,Nimble
391,rosencrantz,Nimble
392,sam,Nimble
393,twitter,Nimble
394,stomp,Nimble
395,srt,Nimble
396,subviewer,Nimble
397,Kinto,Nimble
398,xmltools,Nimble
399,nimongo,Nimble
400,nimboost,Nimble
401,asyncdocker,Nimble
402,python3,Nimble
403,jser,Nimble
404,pledge,Nimble
405,sophia,Nimble
406,progress,Nimble
407,websocket,Nimble
408,cucumber,Nimble
409,libmpdclient,Nimble
410,awk,Nimble
411,dotenv,Nimble
412,sph,Nimble
413,libsodium,Nimble
414,aws_sdk,Nimble
415,i18n,Nimble
416,persistent_enums,Nimble
417,nimcl,Nimble
418,nimblas,Nimble
419,fixmath,Nimble
420,nimzend,Nimble
421,spills,Nimble
422,platformer,Nimble
423,nimCEF,Nimble
424,migrate,Nimble
425,subfield,Nimble
426,semver,Nimble
427,ad,Nimble
428,asyncpg,Nimble
429,winregistry,Nimble
430,luna,Nimble
431,qrcode,Nimble
432,circleci_client,Nimble
433,iup,Nimble
434,barbarus,Nimble
435,jsonob,Nimble
436,autome,Nimble
437,wox,Nimble
438,seccomp,Nimble
439,AntTweakBar,Nimble
440,slimdown,Nimble
441,taglib,Nimble
442,des,Nimble
443,bgfx,Nimble
444,json_builder,Nimble
445,mapbits,Nimble
446,faststack,Nimble
447,gpx,Nimble
448,itn,Nimble
449,foliant,Nimble
450,gemf,Nimble
451,Remotery,Nimble
452,picohttpparser,Nimble
453,microasynchttpserver,Nimble
454,react,Nimble
455,react16,Nimble
456,oauth,Nimble
457,jsbind,Nimble
458,uuids,Nimble
459,isaac,Nimble
460,SDF,Nimble
461,WebGL,Nimble
462,fileinput,Nimble
463,classy,Nimble
464,pls,Nimble
465,mn,Nimble
466,min,Nimble
467,boneIO,Nimble
468,ui,Nimble
469,mmgeoip,Nimble
470,libjwt,Nimble
471,forestdb,Nimble
472,nimbox,Nimble
473,psutil,Nimble
474,gapbuffer,Nimble
475,etcd_client,Nimble
476,package_visible_types,Nimble
477,presto,Nimble
478,ranges,Nimble
479,zlib,Nimble
480,json_rpc,Nimble
481,chronos,Nimble
482,serialization,Nimble
483,json_serialization,Nimble
484,ssz_serialization,Nimble
485,confutils,Nimble
486,taskpools,Nimble
487,std_shims,Nimble
488,stew,Nimble
489,faststreams,Nimble
490,bncurve,Nimble
491,eth,Nimble
492,ethers,Nimble
493,metrics,Nimble
494,blscurve,Nimble
495,libp2p,Nimble
496,rlp,Nimble
497,nitro,Nimble
498,eth_keys,Nimble
499,eth_common,Nimble
500,ethash,Nimble
501,eth_bloom,Nimble
502,evmc,Nimble
503,keccak_tiny,Nimble
504,httputils,Nimble
505,rocksdb,Nimble
506,secp256k1,Nimble
507,eth_trie,Nimble
508,eth_p2p,Nimble
509,eth_keyfile,Nimble
510,byteutils,Nimble
511,ttmath,Nimble
512,testutils,Nimble
513,nimbus,Nimble
514,stint,Nimble
515,daemon,Nimble
516,chronicles,Nimble
517,zxcvbn,Nimble
518,stb_image,Nimble
519,mutableseqs,Nimble
520,stor,Nimble
521,linuxfb,Nimble
522,nimactors,Nimble
523,porter,Nimble
524,kiwi,Nimble
525,ArrayFireNim,Nimble
526,statsd_client,Nimble
527,html5_canvas,Nimble
528,alea,Nimble
529,winim,Nimble
530,ed25519,Nimble
531,libevdev,Nimble
532,nesm,Nimble
533,sdnotify,Nimble
534,cmd,Nimble
535,csvtable,Nimble
536,plotly,Nimble
537,gnuplot,Nimble
538,ustring,Nimble
539,imap,Nimble
540,isa,Nimble
541,untar,Nimble
542,nimcx,Nimble
543,dpdk,Nimble
544,serial,Nimble
545,spdk,Nimble
546,NimData,Nimble
547,testrunner,Nimble
548,reactorfuse,Nimble
549,nimr,Nimble
550,neverwinter,Nimble
551,snail,Nimble
552,jswebsockets,Nimble
553,morelogging,Nimble
554,ajax,Nimble
555,recaptcha,Nimble
556,influx,Nimble
557,gamelight,Nimble
558,fontconfig,Nimble
559,sysrandom,Nimble
560,colorize,Nimble
561,cello,Nimble
562,notmuch,Nimble
563,pluginmanager,Nimble
564,node,Nimble
565,tempdir,Nimble
566,mathexpr,Nimble
567,frag,Nimble
568,freetype,Nimble
569,polyBool,Nimble
570,nimAGG,Nimble
571,primme,Nimble
572,sitmo,Nimble
573,webaudio,Nimble
574,nimcuda,Nimble
575,gifwriter,Nimble
576,libplist,Nimble
577,getch,Nimble
578,gifenc,Nimble
579,nimlapack,Nimble
580,jack,Nimble
581,serializetools,Nimble
582,neo,Nimble
583,httpkit,Nimble
584,ulid,Nimble
585,osureplay,Nimble
586,tiger,Nimble
587,pipe,Nimble
588,flatdb,Nimble
589,nwt,Nimble
590,cmixer,Nimble
591,cmixer_sdl2,Nimble
592,chebyshev,Nimble
593,scram,Nimble
594,blake2,Nimble
595,spinny,Nimble
596,nigui,Nimble
597,currying,Nimble
598,rect_packer,Nimble
599,gintro,Nimble
600,arraymancer,Nimble
601,sha3,Nimble
602,coalesce,Nimble
603,asyncmysql,Nimble
604,cassandra,Nimble
605,tf2plug,Nimble
606,oldgtk3,Nimble
607,godot,Nimble
608,vkapi,Nimble
609,slacklib,Nimble
610,wiringPiNim,Nimble
611,redux,Nimble
612,skEasing,Nimble
613,nimquery,Nimble
614,usha,Nimble
615,libgit2,Nimble
616,multicast,Nimble
617,mysqlparser,Nimble
618,fugitive,Nimble
619,dbg,Nimble
620,pylib,Nimble
621,graphemes,Nimble
622,rfc3339,Nimble
623,db_presto,Nimble
624,nimbomb,Nimble
625,csvql,Nimble
626,contracts,Nimble
627,syphus,Nimble
628,analytics,Nimble
629,arraymancer_vision,Nimble
630,variantkey,Nimble
631,genoiser,Nimble
632,hts,Nimble
633,falas,Nimble
634,kmer,Nimble
635,kexpr,Nimble
636,lapper,Nimble
637,gplay,Nimble
638,huenim,Nimble
639,drand48,Nimble
640,ensem,Nimble
641,basic2d,Nimble
642,basic3d,Nimble
643,shiori,Nimble
644,shioridll,Nimble
645,httpauth,Nimble
646,cbor,Nimble
647,base58,Nimble
648,webdriver,Nimble
649,interfaced,Nimble
650,vla,Nimble
651,metatools,Nimble
652,pdcurses,Nimble
653,libuv,Nimble
654,romans,Nimble
655,simpleAST,Nimble
656,timerpool,Nimble
657,zero_functional,Nimble
658,ormin,Nimble
659,karax,Nimble
660,cascade,Nimble
661,chrono,Nimble
662,dbschema,Nimble
663,gentabs,Nimble
664,libgraph,Nimble
665,polynumeric,Nimble
666,unicodedb,Nimble
667,normalize,Nimble
668,nico,Nimble
669,os_files,Nimble
670,sprymicro,Nimble
671,spryvm,Nimble
672,netpbm,Nimble
673,nimgen,Nimble
674,sksbox,Nimble
675,avbin,Nimble
676,fsm,Nimble
677,timezones,Nimble
678,ndf,Nimble
679,unicodeplus,Nimble
680,libsvm,Nimble
681,lilt,Nimble
682,shiori_charset_convert,Nimble
683,grafanim,Nimble
684,nimpy,Nimble
685,simple_graph,Nimble
686,controlStructures,Nimble
687,notetxt,Nimble
688,breeze,Nimble
689,joyent_http_parser,Nimble
690,libsvm_legacy,Nimble
691,clblast,Nimble
692,nimp5,Nimble
693,names,Nimble
694,sha1ext,Nimble
695,libsha,Nimble
696,pwned,Nimble
697,suffer,Nimble
698,metric,Nimble
699,useragents,Nimble
700,nimna,Nimble
701,bencode,Nimble
702,i3ipc,Nimble
703,chroma,Nimble
704,nimrax,Nimble
705,nimbass,Nimble
706,nimkerberos,Nimble
707,nimssh2,Nimble
708,nimssl,Nimble
709,snip,Nimble
710,moduleinit,Nimble
711,mofuw,Nimble
712,scnim,Nimble
713,nimgl,Nimble
714,inim,Nimble
715,nimbigwig,Nimble
716,regex,Nimble
717,tsundoku,Nimble
718,nim_exodus,Nimble
719,nimlibxlsxwriter,Nimble
720,nimclutter,Nimble
721,nimhdf5,Nimble
722,mpfit,Nimble
723,nlopt,Nimble
724,itertools,Nimble
725,sorta,Nimble
726,typelists,Nimble
727,sol,Nimble
728,simdX86,Nimble
729,loopfusion,Nimble
730,tinamou,Nimble
731,cittadino,Nimble
732,consul,Nimble
733,keystone,Nimble
734,units,Nimble
735,ast_pattern_matching,Nimble
736,tissue,Nimble
737,sphincs,Nimble
738,nimpb,Nimble
739,nimpb_protoc,Nimble
740,strunicode,Nimble
741,turn_based_game,Nimble
742,negamax,Nimble
743,translation,Nimble
744,magic,Nimble
745,configparser,Nimble
746,random_font_color,Nimble
747,bytes2human,Nimble
748,nimhttpd,Nimble
749,crc32,Nimble
750,httpbeast,Nimble
751,datetime2human,Nimble
752,sass,Nimble
753,osutil,Nimble
754,binance,Nimble
755,jdec,Nimble
756,nimsnappyc,Nimble
757,nimwc,Nimble
758,shaname,Nimble
759,about,Nimble
760,findtests,Nimble
761,packedjson,Nimble
762,unicode_numbers,Nimble
763,glob,Nimble
764,lda,Nimble
765,mdevolve,Nimble
766,sctp,Nimble
767,sodium,Nimble
768,db_clickhouse,Nimble
769,webterminal,Nimble
770,hpack,Nimble
771,cobs,Nimble
772,bitvec,Nimble
773,nimsvg,Nimble
774,validation,Nimble
775,nimgraphviz,Nimble
776,fab,Nimble
777,kdialog,Nimble
778,nim7z,Nimble
779,nimarchive,Nimble
780,nimpcre,Nimble
781,nimdeps,Nimble
782,intel_hex,Nimble
783,nimha,Nimble
784,fmod,Nimble
785,figures,Nimble
786,ur,Nimble
787,blosc,Nimble
788,fltk,Nimble
789,nim_cexc,Nimble
790,nimclipboard,Nimble
791,skinterpolate,Nimble
792,nimspice,Nimble
793,BN,Nimble
794,nimbioseq,Nimble
795,subhook,Nimble
796,timecop,Nimble
797,openexchangerates,Nimble
798,clr,Nimble
799,duktape,Nimble
800,polypbren,Nimble
801,spdx_licenses,Nimble
802,texttospeech,Nimble
803,nim_tiled,Nimble
804,fragments,Nimble
805,nimline,Nimble
806,nim_telegram_bot,Nimble
807,xiaomi,Nimble
808,vecio,Nimble
809,nmiline,Nimble
810,c_alikes,Nimble
811,memviews,Nimble
812,espeak,Nimble
813,wstp,Nimble
814,uibuilder,Nimble
815,webp,Nimble
816,print,Nimble
817,vmath,Nimble
818,flippy,Nimble
819,typography,Nimble
820,bumpy,Nimble
821,spacy,Nimble
822,urlly,Nimble
823,pixie,Nimble
824,jsony,Nimble
825,dumpincludes,Nimble
826,benchy,Nimble
827,puppy,Nimble
828,globby,Nimble
829,morepretty,Nimble
830,shady,Nimble
831,genny,Nimble
832,hottie,Nimble
833,boxy,Nimble
834,windy,Nimble
835,xdo,Nimble
836,nimblegui,Nimble
837,xml,Nimble
838,soundio,Nimble
839,miniz,Nimble
840,nim_cjson,Nimble
841,nimobserver,Nimble
842,nominatim,Nimble
843,systimes,Nimble
844,overpass,Nimble
845,openstreetmap,Nimble
846,daemonim,Nimble
847,torch,Nimble
848,openweathermap,Nimble
849,finalseg,Nimble
850,openal,Nimble
851,mc_events,Nimble
852,wNim,Nimble
853,redisparser,Nimble
854,redisclient,Nimble
855,hackpad,Nimble
856,redux_nim,Nimble
857,simpledecimal,Nimble
858,fuzzy,Nimble
859,calibre,Nimble
860,nimcb,Nimble
861,finals,Nimble
862,printdebug,Nimble
863,tinyfiledialogs,Nimble
864,spotify,Nimble
865,noise,Nimble
866,prompt,Nimble
867,proxyproto,Nimble
868,criterion,Nimble
869,nanoid,Nimble
870,ndb,Nimble
871,github_release,Nimble
872,nimmonocypher,Nimble
873,dtoa,Nimble
874,ntangle,Nimble
875,nimtess2,Nimble
876,sequoia,Nimble
877,pykot,Nimble
878,witai,Nimble
879,xmldom,Nimble
880,xmldomparser,Nimble
881,list_comprehension,Nimble
882,result,Nimble
883,asciigraph,Nimble
884,bearlibterminal,Nimble
885,rexpaint,Nimble
886,crosscompile,Nimble
887,rodcli,Nimble
888,ngxcmod,Nimble
889,usagov,Nimble
890,argparse,Nimble
891,keyring,Nimble
892,markdown,Nimble
893,nimtomd,Nimble
894,nifty,Nimble
895,urlshortener,Nimble
896,seriesdetiempoar,Nimble
897,usigar,Nimble
898,georefar,Nimble
899,sugerror,Nimble
900,sermon,Nimble
901,vmvc,Nimble
902,arksys,Nimble
903,coco,Nimble
904,nimetry,Nimble
905,snappy,Nimble
906,loadenv,Nimble
907,osrm,Nimble
908,sharedmempool,Nimble
909,css_html_minify,Nimble
910,crap,Nimble
911,algebra,Nimble
912,biblioteca_guarrilla,Nimble
913,nimzbar,Nimble
914,nicy,Nimble
915,replim,Nimble
916,nish,Nimble
917,backoff,Nimble
918,asciitables,Nimble
919,open_elevation,Nimble
920,gara,Nimble
921,ws,Nimble
922,pg,Nimble
923,bgfxdotnim,Nimble
924,niledb,Nimble
925,siphash,Nimble
926,haraka,Nimble
927,genode,Nimble
928,moe,Nimble
929,gatabase,Nimble
930,timespec_get,Nimble
931,urand,Nimble
932,awslambda,Nimble
933,vec,Nimble
934,nimgui,Nimble
935,unpack,Nimble
936,nsh,Nimble
937,nimfastText,Nimble
938,treesitter,Nimble
939,treesitter_agda,Nimble
940,treesitter_bash,Nimble
941,treesitter_c,Nimble
942,treesitter_c_sharp,Nimble
943,treesitter_cpp,Nimble
944,treesitter_css,Nimble
945,treesitter_go,Nimble
946,treesitter_haskell,Nimble
947,treesitter_html,Nimble
948,treesitter_java,Nimble
949,treesitter_javascript,Nimble
950,treesitter_ocaml,Nimble
951,treesitter_php,Nimble
952,treesitter_python,Nimble
953,treesitter_ruby,Nimble
954,treesitter_rust,Nimble
955,treesitter_scala,Nimble
956,treesitter_typescript,Nimble
957,nimterop,Nimble
958,ringDeque,Nimble
959,nimfuzzy,Nimble
960,nimassets,Nimble
961,loco,Nimble
962,nim_miniz,Nimble
963,unsplash,Nimble
964,steam,Nimble
965,itchio,Nimble
966,suggest,Nimble
967,gurl,Nimble
968,wren,Nimble
969,tiny_sqlite,Nimble
970,sqlbuilder,Nimble
971,subexes,Nimble
972,complex,Nimble
973,fsmonitor,Nimble
974,scgi,Nimble
975,cppstl,Nimble
976,pipelines,Nimble
977,nimhq,Nimble
978,binio,Nimble
979,ladder,Nimble
980,cassette,Nimble
981,nimterlingua,Nimble
982,with,Nimble
983,lastfm,Nimble
984,firejail,Nimble
985,jstin,Nimble
986,compactdict,Nimble
987,z3,Nimble
988,remarker_light,Nimble
989,nim-nmap,Nimble
990,libravatar,Nimble
991,norm,Nimble
992,simple_vector,Nimble
993,netty,Nimble
994,bitty,Nimble
995,fnv,Nimble
996,notify,Nimble
997,minmaxheap,Nimble
998,dashing,Nimble
999,html_tools,Nimble
1000,npeg,Nimble
1001,pinggraph,Nimble
1002,nimcdl,Nimble
1003,easymail,Nimble
1004,luhncheck,Nimble
1005,nim-libgd,Nimble
1006,oop_utils,Nimble
1007,nim_curry,Nimble
1008,eastasianwidth,Nimble
1009,colorcol,Nimble
1010,nimly,Nimble
1011,fswatch,Nimble
1012,parseini,Nimble
1013,wxpay,Nimble
1014,sonic,Nimble
1015,science,Nimble
1016,gameoflife,Nimble
1017,conio,Nimble
1018,nat_traversal,Nimble
1019,jsutils,Nimble
1020,getr,Nimble
1021,oshostname,Nimble
1022,pnm,Nimble
1023,ski,Nimble
1024,imageman,Nimble
1025,matplotnim,Nimble
1026,cliptomania,Nimble
1027,mpdclient,Nimble
1028,mentat,Nimble
1029,svdpi,Nimble
1030,shlex,Nimble
1031,prometheus,Nimble
1032,feednim,Nimble
1033,simplepng,Nimble
1034,dali,Nimble
1035,rect,Nimble
1036,p4ztag_to_json,Nimble
1037,terminaltables,Nimble
1038,alignment,Nimble
1039,niup,Nimble
1040,libgcrypt,Nimble
1041,masterpassword,Nimble
1042,mpwc,Nimble
1043,toxcore,Nimble
1044,rapid,Nimble
1045,gnutls,Nimble
1046,news,Nimble
1047,tor,Nimble
1048,nimjson,Nimble
1049,nerve,Nimble
1050,lolcat,Nimble
1051,dnsclient,Nimble
1052,rain,Nimble
1053,kmod,Nimble
1054,couchdb,Nimble
1055,quickcrypt,Nimble
1056,neoid,Nimble
1057,useradd,Nimble
1058,userdef,Nimble
1059,sue,Nimble
1060,validateip,Nimble
1061,RC4,Nimble
1062,contra,Nimble
1063,wings,Nimble
1064,lc,Nimble
1065,nasher,Nimble
1066,illwill,Nimble
1067,shared,Nimble
1068,nimmm,Nimble
1069,fastx_reader,Nimble
1070,d3,Nimble
1071,baker,Nimble
1072,web3,Nimble
1073,skybook,Nimble
1074,rbac,Nimble
1075,simpleot,Nimble
1076,blurhash,Nimble
1077,samson,Nimble
1078,proton,Nimble
1079,lscolors,Nimble
1080,shell,Nimble
1081,mqtt,Nimble
1082,cal,Nimble
1083,spurdify,Nimble
1084,c4,Nimble
1085,numericalnim,Nimble
1086,murmurhash,Nimble
1087,redneck_translator,Nimble
1088,sweetanitify,Nimble
1089,cmake,Nimble
1090,plz,Nimble
1091,NiMPC,Nimble
1092,qrcodegen,Nimble
1093,cirru_parser,Nimble
1094,cirru_writer,Nimble
1095,cirru_edn,Nimble
1096,ternary_tree,Nimble
1097,reframe,Nimble
1098,edn,Nimble
1099,easings,Nimble
1100,euclidean,Nimble
1101,fletcher,Nimble
1102,Xors3D,Nimble
1103,constants,Nimble
1104,pager,Nimble
1105,procs,Nimble
1106,laser,Nimble
1107,libssh,Nimble
1108,wZeeGrid,Nimble
1109,wChart,Nimble
1110,stacks,Nimble
1111,mustache,Nimble
1112,sigv4,Nimble
1113,openapi,Nimble
1114,atoz,Nimble
1115,nimga,Nimble
1116,foreach,Nimble
1117,monit,Nimble
1118,termnovel,Nimble
1119,htmlview,Nimble
1120,tcping,Nimble
1121,pcgbasic,Nimble
1122,funchook,Nimble
1123,sunvox,Nimble
1124,gcplat,Nimble
1125,bluu,Nimble
1126,the_nim_alliance,Nimble
1127,passgen,Nimble
1128,PPM,Nimble
1129,fwrite,Nimble
1130,simplediff,Nimble
1131,xcm,Nimble
1132,bearssl,Nimble
1133,schedules,Nimble
1134,nimlevenshtein,Nimble
1135,randpw,Nimble
1136,timeit,Nimble
1137,manu,Nimble
1138,sync,Nimble
1139,jscanvas,Nimble
1140,looper,Nimble
1141,protocoled,Nimble
1142,eminim,Nimble
1143,bingo,Nimble
1144,gnuplotlib,Nimble
1145,patgraph,Nimble
1146,libfuzzer,Nimble
1147,sums,Nimble
1148,sparseset,Nimble
1149,naylib,Nimble
1150,ssostrings,Nimble
1151,cowstrings,Nimble
1152,golden,Nimble
1153,nimgit2,Nimble
1154,rainbow,Nimble
1155,rtree,Nimble
1156,winversion,Nimble
1157,npg,Nimble
1158,nimodpi,Nimble
1159,bump,Nimble
1160,swayipc,Nimble
1161,nimpmda,Nimble
1162,nimbpf,Nimble
1163,pine,Nimble
1164,hotdoc,Nimble
1165,ginger,Nimble
1166,ggplotnim,Nimble
1167,owo,Nimble
1168,NimTacToe,Nimble
1169,nimagehide,Nimble
1170,srv,Nimble
1171,autotyper,Nimble
1172,dnsprotec,Nimble
1173,nimgraphql,Nimble
1174,fastcgi,Nimble
1175,chonker,Nimble
1176,maze,Nimble
1177,monocypher,Nimble
1178,cli_menu,Nimble
1179,libu2f,Nimble
1180,sim,Nimble
1181,redpool,Nimble
1182,bson,Nimble
1183,mongopool,Nimble
1184,euwren,Nimble
1185,leveldb,Nimble
1186,requirementstxt,Nimble
1187,edens,Nimble
1188,argon2,Nimble
1189,nap,Nimble
1190,illwill_unsafe,Nimble
1191,sparkline,Nimble
1192,readfq,Nimble
1193,googlesearch,Nimble
1194,rdgui,Nimble
1195,asciitype,Nimble
1196,gen,Nimble
1197,chronopipe,Nimble
1198,simple_parseopt,Nimble
1199,github,Nimble
1200,nimnoise,Nimble
1201,mcmurry,Nimble
1202,stones,Nimble
1203,kaitai_struct_nim_runtime,Nimble
1204,docx,Nimble
1205,word2vec,Nimble
1206,steganography,Nimble
1207,mpeg,Nimble
1208,mddoc,Nimble
1209,digitalocean,Nimble
1210,synthesis,Nimble
1211,weave,Nimble
1212,anycase,Nimble
1213,libbacktrace,Nimble
1214,gdbmc,Nimble
1215,diff,Nimble
1216,diffoutput,Nimble
1217,importc_helpers,Nimble
1218,taps,Nimble
1219,validator,Nimble
1220,simhash,Nimble
1221,minhash,Nimble
1222,fasttext,Nimble
1223,woocommerce-api-nim,Nimble
1224,lq,Nimble
1225,xlsx,Nimble
1226,faker,Nimble
1227,gyaric,Nimble
1228,skbintext,Nimble
1229,skyhash,Nimble
1230,gimei,Nimble
1231,envconfig,Nimble
1232,cache,Nimble
1233,basedOn,Nimble
1234,onedrive,Nimble
1235,webdavclient,Nimble
1236,bcra,Nimble
1237,socks,Nimble
1238,metar,Nimble
1239,smnar,Nimble
1240,phoon,Nimble
1241,choosenim,Nimble
1242,nimlist,Nimble
1243,grim,Nimble
1244,retranslator,Nimble
1245,barcode,Nimble
1246,quickjwt,Nimble
1247,staticglfw,Nimble
1248,pg_util,Nimble
1249,googleapi,Nimble
1250,fidget,Nimble
1251,allographer,Nimble
1252,slappy,Nimble
1253,steamworks,Nimble
1254,sysinfo,Nimble
1255,ptest,Nimble
1256,encode,Nimble
1257,oaitools,Nimble
1258,pych,Nimble
1259,adb,Nimble
1260,z3nim,Nimble
1261,wave,Nimble
1262,kslog,Nimble
1263,nregex,Nimble
1264,delight,Nimble
1265,nimsuite,Nimble
1266,prologue,Nimble
1267,mort,Nimble
1268,gungnir,Nimble
1269,segmentation,Nimble
1270,anonimongo,Nimble
1271,paranim,Nimble
1272,pararules,Nimble
1273,paratext,Nimble
1274,pvim,Nimble
1275,sqlite3_abi,Nimble
1276,anime,Nimble
1277,shizuka,Nimble
1278,qr,Nimble
1279,uri3,Nimble
1280,triplets,Nimble
1281,badgemaker,Nimble
1282,osdialog,Nimble
1283,kview,Nimble
1284,loki,Nimble
1285,yukiko,Nimble
1286,luhny,Nimble
1287,nimwebp,Nimble
1288,svgo,Nimble
1289,winserial,Nimble
1290,nimbler,Nimble
1291,plugins,Nimble
1292,libfswatch,Nimble
1293,zfcore,Nimble
1294,nimpress,Nimble
1295,weightedgraph,Nimble
1296,norman,Nimble
1297,nimfm,Nimble
1298,zfblast,Nimble
1299,paravim,Nimble
1300,akane,Nimble
1301,roots,Nimble
1302,nmqtt,Nimble
1303,sss,Nimble
1304,testify,Nimble
1305,libarchibi,Nimble
1306,mnemonic,Nimble
1307,eloverblik,Nimble
1308,nimbug,Nimble
1309,nordnet,Nimble
1310,pomTimer,Nimble
1311,alut,Nimble
1312,rena,Nimble
1313,libvlc,Nimble
1314,nimcoon,Nimble
1315,nimage,Nimble
1316,adix,Nimble
1317,nimoji,Nimble
1318,origin,Nimble
1319,webgui,Nimble
1320,xpm,Nimble
1321,omnimax,Nimble
1322,omnicollider,Nimble
1323,omni,Nimble
1324,mui,Nimble
1325,nimatic,Nimble
1326,ballena_itcher,Nimble
1327,parselicense,Nimble
1328,darwin,Nimble
1329,choosenimgui,Nimble
1330,hsluv,Nimble
1331,lrucache,Nimble
1332,iputils,Nimble
1333,strenc,Nimble
1334,trick,Nimble
1335,nimQBittorrent,Nimble
1336,pdba,Nimble
1337,wAuto,Nimble
1338,StashTable,Nimble
1339,dimscord,Nimble
1340,til,Nimble
1341,cpuwhat,Nimble
1342,nimpari,Nimble
1343,nim_sdl2,Nimble
1344,cookiejar,Nimble
1345,matsuri,Nimble
1346,clang,Nimble
1347,NimMarc,Nimble
1348,miniblink,Nimble
1349,pokereval,Nimble
1350,glew,Nimble
1351,dotprov,Nimble
1352,sqliteral,Nimble
1353,timestamp,Nimble
1354,decimal128,Nimble
1355,datetime_parse,Nimble
1356,halonium,Nimble
1357,lz77,Nimble
1358,stalinsort,Nimble
1359,finder,Nimble
1360,huffman,Nimble
1361,fusion,Nimble
1362,bio,Nimble
1363,buffer,Nimble
1364,notification,Nimble
1365,eventemitter,Nimble
1366,camelize,Nimble
1367,nmi,Nimble
1368,markx,Nimble
1369,therapist,Nimble
1370,nodesnim,Nimble
1371,telenim,Nimble
1372,taskqueue,Nimble
1373,threadproxy,Nimble
1374,jesterwithplugins,Nimble
1375,jesterjson,Nimble
1376,jestercookiemsgs,Nimble
1377,jestermongopool,Nimble
1378,jestergeoip,Nimble
1379,qeu,Nimble
1380,mccache,Nimble
1381,mcresponse,Nimble
1382,webrtcvad,Nimble
1383,gradient,Nimble
1384,tam,Nimble
1385,tim_sort,Nimble
1386,inumon,Nimble
1387,gerbil,Nimble
1388,vaultclient,Nimble
1389,hashlib,Nimble
1390,alsa,Nimble
1391,vmprotect,Nimble
1392,nimaterial,Nimble
1393,naw,Nimble
1394,opus,Nimble
1395,nestegg,Nimble
1396,dav1d,Nimble
1397,nimviz,Nimble
1398,deepspeech,Nimble
1399,opusenc,Nimble
1400,nimtetris,Nimble
1401,natu,Nimble
1402,fision,Nimble
1403,iridium,Nimble
1404,nim_searches,Nimble
1405,stage,Nimble
1406,flickr_image_bot,Nimble
1407,libnetfilter_queue,Nimble
1408,flatty,Nimble
1409,supersnappy,Nimble
1410,aglet,Nimble
1411,nimcmaes,Nimble
1412,soundex,Nimble
1413,nimish,Nimble
1414,vscds,Nimble
1415,kdb,Nimble
1416,Unit,Nimble
1417,lockfreequeues,Nimble
1418,shene,Nimble
1419,subnet,Nimble
1420,norx,Nimble
1421,jeknil,Nimble
1422,mime,Nimble
1423,Echon,Nimble
1424,nimrcon,Nimble
1425,zfplugs,Nimble
1426,hldiff,Nimble
1427,mctranslog,Nimble
1428,base64_decoder,Nimble
1429,nimnews,Nimble
1430,resolv,Nimble
1431,zopflipng,Nimble
1432,ms,Nimble
1433,calendar,Nimble
1434,hayaa,Nimble
1435,wepoll,Nimble
1436,nim_midi,Nimble
1437,geometryutils,Nimble
1438,desim,Nimble
1439,NimpleHTTPServer,Nimble
1440,hmisc,Nimble
1441,SMBExec,Nimble
1442,nimtrs,Nimble
1443,hparse,Nimble
1444,hpprint,Nimble
1445,hasts,Nimble
1446,hdrawing,Nimble
1447,ngspice,Nimble
1448,cmark,Nimble
1449,psutilim,Nimble
1450,ioselectors,Nimble
1451,nwatchdog,Nimble
1452,logue,Nimble
1453,httpx,Nimble
1454,meow,Nimble
1455,noisy,Nimble
1456,battery_widget,Nimble
1457,parasound,Nimble
1458,paramidi,Nimble
1459,paramidi_soundfonts,Nimble
1460,toml_serialization,Nimble
1461,protobuf_serialization,Nimble
1462,opentdb,Nimble
1463,dnsstamps,Nimble
1464,amysql,Nimble
1465,pathname,Nimble
1466,miter,Nimble
1467,jq,Nimble
1468,mike,Nimble
1469,timerwheel,Nimble
1470,hcparse,Nimble
1471,layonara_nwn,Nimble
1472,simpleflake,Nimble
1473,hnimast,Nimble
1474,symbolicnim,Nimble
1475,spinner,Nimble
1476,fsnotify,Nimble
1477,xio,Nimble
1478,once,Nimble
1479,blackvas_cli,Nimble
1480,Blackvas,Nimble
1481,binstreams,Nimble
1482,asciitext,Nimble
1483,qwertycd,Nimble
1484,vector,Nimble
1485,clapfn,Nimble
1486,packets,Nimble
1487,Neel,Nimble
1488,marggers,Nimble
1489,dual,Nimble
1490,websocketx,Nimble
1491,nimp,Nimble
1492,constructor,Nimble
1493,fpn,Nimble
1494,oblivion,Nimble
1495,zippy,Nimble
1496,edlib,Nimble
1497,nimpass,Nimble
1498,netTest,Nimble
1499,highlight,Nimble
1500,nimTiingo,Nimble
1501,wpspin,Nimble
1502,FastKiss,Nimble
1503,rabbit,Nimble
1504,eachdo,Nimble
1505,classes,Nimble
1506,sampleTodoList,Nimble
1507,ffpass,Nimble
1508,ssh2,Nimble
1509,servy,Nimble
1510,denim_ui,Nimble
1511,canonicaljson,Nimble
1512,denim_ui_canvas,Nimble
1513,nimvisa,Nimble
1514,rx_nim,Nimble
1515,httpstat,Nimble
1516,imgcat,Nimble
1517,fae,Nimble
1518,discord_rpc,Nimble
1519,runeterra_decks,Nimble
1520,ngtcp2,Nimble
1521,bitset,Nimble
1522,nwnt,Nimble
1523,minhook,Nimble
1524,bytesequtils,Nimble
1525,wyhash,Nimble
1526,sliceutils,Nimble
1527,assigns,Nimble
1528,nimics,Nimble
1529,colorizeEcho,Nimble
1530,latexdsl,Nimble
1531,nimsimd,Nimble
1532,rnim,Nimble
1533,stdext,Nimble
1534,AccurateSums,Nimble
1535,shmk,Nimble
1536,siwin,Nimble
1537,NimDBX,Nimble
1538,unimcli,Nimble
1539,applicates,Nimble
1540,timelog,Nimble
1541,changer,Nimble
1542,bitstreams,Nimble
1543,htsparse,Nimble
1544,deser,Nimble
1545,nimtraits,Nimble
1546,deser_json,Nimble
1547,bisect,Nimble
1548,nodejs,Nimble
1549,ndns,Nimble
1550,dnsprotocol,Nimble
1551,dimscmd,Nimble
1552,binarylang,Nimble
1553,amka,Nimble
1554,Nimscripter,Nimble
1555,vtable,Nimble
1556,xmlio,Nimble
1557,Palette,Nimble
1558,webrod,Nimble
1559,decimal,Nimble
1560,torm,Nimble
1561,tencil,Nimble
1562,coinbase_pro,Nimble
1563,nimraylib_now,Nimble
1564,pgxcrown,Nimble
1565,hostname,Nimble
1566,asynctest,Nimble
1567,syllables,Nimble
1568,lazyseq,Nimble
1569,filetype,Nimble
1570,arduino,Nimble
1571,hats,Nimble
1572,nobject,Nimble
1573,nimfcuk,Nimble
1574,xam,Nimble
1575,nimosc,Nimble
1576,guildenstern,Nimble
1577,ago,Nimble
1578,ducominer,Nimble
1579,antlr4nim,Nimble
1580,nauthy,Nimble
1581,host,Nimble
1582,gemini,Nimble
1583,nimem,Nimble
1584,eris,Nimble
1585,eris_utils,Nimble
1586,html2karax,Nimble
1587,drng,Nimble
1588,winres,Nimble
1589,nimview,Nimble
1590,denim_ui_cairo,Nimble
1591,checkpack,Nimble
1592,xcb,Nimble
1593,nimjl,Nimble
1594,nimflux,Nimble
1595,moss_nim,Nimble
1596,meta,Nimble
1597,nimib,Nimble
1598,bio_seq,Nimble
1599,questionable,Nimble
1600,tweens,Nimble
1601,intervalsets,Nimble
1602,nimkalc,Nimble
1603,nimgram,Nimble
1604,json2xml,Nimble
1605,nesper,Nimble
1606,zws,Nimble
1607,spacenimtraders,Nimble
1608,rcedit,Nimble
1609,parsegemini,Nimble
1610,termui,Nimble
1611,icon,Nimble
1612,batchsend,Nimble
1613,rn,Nimble
1614,newfix,Nimble
1615,suru,Nimble
1616,autonim,Nimble
1617,upraises,Nimble
1618,nery,Nimble
1619,scorper,Nimble
1620,static_server,Nimble
1621,holst,Nimble
1622,aur,Nimble
1623,streamfix,Nimble
1624,ffmpeg,Nimble
1625,graphql,Nimble
1626,aria,Nimble
1627,csv2dbsrc,Nimble
1628,distances,Nimble
1629,nptr,Nimble
1630,ansiwave,Nimble
1631,wavecore,Nimble
1632,nimwave,Nimble
1633,illwave,Nimble
1634,ansiutils,Nimble
1635,minecraft_server_status,Nimble
1636,rodster,Nimble
1637,xgboost.nim,Nimble
1638,nodem,Nimble
1639,unittest2,Nimble
1640,nint128,Nimble
1641,nmark,Nimble
1642,stb_truetype,Nimble
1643,hottext,Nimble
1644,niml,Nimble
1645,slugify,Nimble
1646,nimothello,Nimble
1647,expander,Nimble
1648,crowngui,Nimble
1649,objc_runtime,Nimble
1650,hypixel,Nimble
1651,dik,Nimble
1652,memlib,Nimble
1653,owoifynim,Nimble
1654,interface_implements,Nimble
1655,unalix,Nimble
1656,winimx,Nimble
1657,catnip,Nimble
1658,tm_client,Nimble
1659,plnim,Nimble
1660,db_wrapper,Nimble
1661,svvpi,Nimble
1662,ptr_math,Nimble
1663,netbuff,Nimble
1664,ass,Nimble
1665,sayhissatsuwaza,Nimble
1666,preserves,Nimble
1667,nimibook,Nimble
1668,hexclock,Nimble
1669,redismodules,Nimble
1670,special_functions,Nimble
1671,kashae,Nimble
1672,zxcvbnim,Nimble
1673,sumtypes,Nimble
1674,formulas,Nimble
1675,parsesql,Nimble
1676,distributions,Nimble
1677,whois,Nimble
1678,statistical_tests,Nimble
1679,nimarrow_glib,Nimble
1680,slim,Nimble
1681,suber,Nimble
1682,unchained,Nimble
1683,syndicate,Nimble
1684,datamancer,Nimble
1685,listenbrainz,Nimble
1686,nicoru,Nimble
1687,nwsync,Nimble
1688,mcd,Nimble
1689,nimarrow,Nimble
1690,exporttosqlite3,Nimble
1691,microparsec,Nimble
1692,chain,Nimble
1693,awsS3,Nimble
1694,awsSTS,Nimble
1695,todoist,Nimble
1696,mailcow,Nimble
1697,websock,Nimble
1698,hyperscript,Nimble
1699,pl0t,Nimble
1700,gm_api,Nimble
1701,asyncthreadpool,Nimble
1702,unrolled,Nimble
1703,isocodes,Nimble
1704,macroplus,Nimble
1705,latinize,Nimble
1706,xom,Nimble
1707,harpoon,Nimble
1708,mycouch,Nimble
1709,cpython,Nimble
1710,gnu,Nimble
1711,ballpark,Nimble
1712,linear_models,Nimble
1713,ytextractor,Nimble
1714,nimja,Nimble
1715,tkrzw,Nimble
1716,notcurses,Nimble
1717,composition,Nimble
1718,oolib,Nimble
1719,commandant,Nimble
1720,algebraicdatas,Nimble
1721,numToWord,Nimble
1722,bs,Nimble
1723,kombinator,Nimble
1724,watch_for_files,Nimble
1725,stripe,Nimble
1726,htmlAntiCopy,Nimble
1727,distorm3,Nimble
1728,drawim,Nimble
1729,alasgar,Nimble
1730,tic80,Nimble
1731,nimcrypt,Nimble
1732,surfing,Nimble
1733,loony,Nimble
1734,matrixsdk,Nimble
1735,zfdbms,Nimble
1736,selenimum,Nimble
1737,feta,Nimble
1738,chipmunk7,Nimble
1739,easy_sqlite3,Nimble
1740,chacha20,Nimble
1741,nimfunge98,Nimble
1742,opencolor,Nimble
1743,xidoc,Nimble
1744,tokarax,Nimble
1745,asyncanything,Nimble
1746,dslutils,Nimble
1747,uncomment,Nimble
1748,frida,Nimble
1749,scinim,Nimble
1750,db_nimternalsql,Nimble
1751,tecs,Nimble
1752,dataUrl,Nimble
1753,animatecss,Nimble
1754,config,Nimble
1755,gene,Nimble
1756,odsreader,Nimble
1757,htmlToVdom,Nimble
1758,aossoa,Nimble
1759,textformats,Nimble
1760,exprgrad,Nimble
1761,brainlyextractor,Nimble
1762,duckduckgo,Nimble
1763,scraper,Nimble
1764,htmlunescape,Nimble
1765,localize,Nimble
1766,jester2swagger,Nimble
1767,riimut,Nimble
1768,bluesoftcosmos,Nimble
1769,cliche,Nimble
1770,paramidib,Nimble
1771,gigi,Nimble
1772,contractabi,Nimble
1773,spfun,Nimble
1774,asyncredis,Nimble
1775,prettystr,Nimble
1776,opensimplexnoise,Nimble
1777,prettyclr,Nimble
1778,flower,Nimble
1779,prettyvec,Nimble
1780,mcu_utils,Nimble
1781,nordaudio,Nimble
1782,ogham,Nimble
1783,honeycomb,Nimble
1784,preprod,Nimble
1785,nimfmt,Nimble
1786,NimbleImGui,Nimble
1787,tome,Nimble
1788,opussum,Nimble
1789,nimtesseract,Nimble
1790,jalali_nim,Nimble
1791,nimdenter,Nimble
1792,base45,Nimble
1793,utf8tests,Nimble
1794,xlsxio,Nimble
1795,grab,Nimble
1796,conventional_semver,Nimble
1797,astdot,Nimble
1798,nimkov,Nimble
1799,servclip,Nimble
1800,slicerator,Nimble
1801,tinypool,Nimble
1802,mt,Nimble
1803,sbttl,Nimble
1804,tradingview,Nimble
1805,polymorph,Nimble
1806,polymers,Nimble
1807,glbits,Nimble
1808,audius,Nimble
1809,networkutils,Nimble
1810,klymene,Nimble
1811,tim,Nimble
1812,nyml,Nimble
1813,mdlldk,Nimble
1814,psy,Nimble
1815,uuid4,Nimble
1816,watchout,Nimble
1817,uap,Nimble
1818,madam,Nimble
1819,dnd,Nimble
1820,w8crc,Nimble
1821,cloudbet,Nimble
1822,crowncalc,Nimble
1823,packedArgs,Nimble
1824,nim_chacha20_poly1305,Nimble
1825,otplib,Nimble
1826,shorteststring,Nimble
1827,variantsugar,Nimble
1828,dogapi,Nimble
1829,toktok,Nimble
1830,dogapi_cli,Nimble
1831,nofi,Nimble
1832,iterrr,Nimble
1833,SLAP,Nimble
1834,logit,Nimble
1835,remizstd,Nimble
1836,sos,Nimble
1837,argon2_highlevel,Nimble
1838,htmlgenerator,Nimble
1839,aqcalc,Nimble
1840,ftd2xx,Nimble
1841,nimSocks,Nimble
1842,run_exe,Nimble
1843,romanim,Nimble
1844,pronimgress,Nimble
1845,rconv,Nimble
1846,millie,Nimble
1847,owlkettle,Nimble
1848,gimg,Nimble
1849,parsepage,Nimble
1850,resultsutils,Nimble
1851,stdarg,Nimble
1852,metatag,Nimble
1853,pantry,Nimble
1854,govee,Nimble
1855,bamboo_websocket,Nimble
1856,cppclass,Nimble
1857,hpx,Nimble
1858,excelin,Nimble
1859,ruby,Nimble
1860,nimmikudance,Nimble
1861,audiodb,Nimble
1862,nimdotenv,Nimble
1863,cocktaildb,Nimble
1864,mealdb,Nimble
1865,nephyr,Nimble
1866,uspokoysa,Nimble
1867,taskman,Nimble
1868,tmpnim,Nimble
1869,matext,Nimble
1870,smoothing,Nimble
1871,blarg,Nimble
1872,limiter,Nimble
1873,supranim,Nimble
1874,leopard,Nimble
1875,emitter,Nimble
